{"schemaVersion":"1.0","appDefinitionTemplate":{"id":"/providers/Microsoft.PowerApps/apps/","type":"Microsoft.PowerApps/apps","tags":{"primaryDeviceWidth":"1366","primaryDeviceHeight":"768","sienaVersion":"20211227T034502Z-3.21115.37.0","deviceCapabilities":"","supportsPortrait":"true","supportsLandscape":"true","primaryFormFactor":"Tablet","publisherVersion":"3.21115.37","minimumRequiredApiVersion":"2.2.0","hasComponent":"true","hasUnlockedComponent":"false","isUnifiedRootApp":"false"},"properties":{"appVersion":"2021-12-27T03:45:02Z","lifeCycleId":"Published","createdByClientVersion":{"major":3,"minor":21115,"build":37,"revision":0,"majorRevision":0,"minorRevision":0},"minClientVersion":{"major":3,"minor":21115,"build":37,"revision":0,"majorRevision":0,"minorRevision":0},"backgroundColor":"RGBA(0,176,240,1)","backgroundImageUri":"/1926879897499761259/N777eb3c4-f010-4237-8e68-08a0fb727e26-logoSmallFile","displayName":"Inspector","description":"","commitMessage":"","appUris":{"documentUri":{"value":"/1926879897499761259/N6450fb7e-5643-49cc-8ccd-f9218bae4327-document.msapp"},"imageUris":[]},"createdTime":"0001-01-01T00:00:00Z","lastModifiedTime":"0001-01-01T00:00:00Z","sharedGroupsCount":0,"sharedUsersCount":0,"icons":{"smallIconUri":"/1926879897499761259/N3be40909-264b-4eda-8a83-02ad8811b72c-small.png","mediumIconUri":"/1926879897499761259/N8a2a1a6c-8106-4eac-8760-1a48b9bfee42-medium.png","largeIconUri":"/1926879897499761259/N8c5e8df8-ae80-49db-b8e9-cb51849fc8c5-large.png","wideIconUri":"/1926879897499761259/Nb0f95aa5-21b5-4b32-81d1-fe4d80190157-wide.png"},"connectionReferences":{},"databaseReferences":{"default.cds":{"databaseDetails":{"referenceType":"Environmental","environmentName":"default.cds","overrideValues":{"status":"NotSpecified"}},"dataSources":{"Permits":{"entitySetName":"contoso_permits","logicalName":"contoso_permit"},"Inspections":{"entitySetName":"contoso_inspections","logicalName":"contoso_inspection"}},"actions":["providers/PowerPlatform.Governance/Operations/Read","providers/PowerPlatform.Governance/Operations/Write"]}},"almMode":"Solution","performanceOptimizationEnabled":true,"canConsumeAppPass":true,"executionRestrictions":{"isTeamsOnly":false,"dataLossPreventionEvaluationResult":{"status":"Compliant","lastEvaluationDate":"2021-12-22T16:28:42.9457804Z","violations":[],"violationsByPolicy":[],"violationErrorMessage":"The app uses the following connectors: ."}}},"appType":"ClassicCanvasApp","appComponents":[]}}